실험번호,Dense1,Dense2,L2,Epoch,Batch Size,Optimizer,Learning Rate,Seed,반복횟수,Basic MAE,Basic 정답률(%),Cultivar MAE,Cultivar 정답률(%)
1,8,4,0.003,250,8,Adam,0.002,미설정,3,1.656,33.33,1.579,36.78
2,32,32,0.003,100,8,Adam,0.002,미설정,3,1.772,32.18,1.518,44.83
3,32,32,0.003,30,8,Adam,0.002,미설정,3,2.009,32.18,1.700,35.63
4,32,32,0.003,30,8,Adam,0.002,미설정,3,1.923,31.03,1.722,39.08
5,32,32,0.003,30,4,Adam,0.002,미설정,3,1.810,34.48,1.689,40.23
6,8,4,0.003,30,8,Adam,0.002,미설정,3,1.622,48.28,1.780,35.63
7,16,8,0.003,30,8,Adam,0.002,미설정,3,1.852,33.33,2.727,19.54
8,8,4,0.003,60,8,Adam,0.002,미설정,3,1.713,33.33,1.734,41.38
실험번호,Dense1,Dense2,L2,Epoch1,Epoch2,Batch Size,Optimizer,Learning Rate,Seed,반복횟수,Basic MAE,Basic 정답률(%),Cultivar MAE,Cultivar 정답률(%)
9,8,4,0.003,30,100,8,Adam,0.002,미설정,3,2.042,34.48,1.423,45.98
10,32,32,0.003,30,100,8,Adam,0.002,미설정,3,1.836,34.48,1.616,39.08
11,32,32,0.003,30,30,8,Adam,0.002,미설정,3,1.834,29.89,1.610,43.68
